model,term,odds_ratio,ci95_low,ci95_high,p_value,n_records,n_haredi_records,formula
M0,Intercept,0.229,0.214,0.245,0.0,6705,533,reported ~ haredi
M0,haredi,1.051,0.836,1.322,0.668,6705,533,reported ~ haredi
M1,Intercept,0.579,0.479,0.701,0.0,6705,533,"reported ~ haredi + C(crime_type, Treatment('violence_threat')) + female + C(age) + C(period)"
M1,"C(crime_type, Treatment('violence_threat'))[T.cyber]",0.154,0.129,0.184,0.0,6705,533,"reported ~ haredi + C(crime_type, Treatment('violence_threat')) + female + C(age) + C(period)"
M1,"C(crime_type, Treatment('violence_threat'))[T.sexual_harassment]",0.07,0.051,0.096,0.0,6705,533,"reported ~ haredi + C(crime_type, Treatment('violence_threat')) + female + C(age) + C(period)"
M1,"C(crime_type, Treatment('violence_threat'))[T.theft]",0.995,0.848,1.167,0.9475,6705,533,"reported ~ haredi + C(crime_type, Treatment('violence_threat')) + female + C(age) + C(period)"
M1,C(age)[T.30-39],0.93,0.759,1.14,0.4843,6705,533,"reported ~ haredi + C(crime_type, Treatment('violence_threat')) + female + C(age) + C(period)"
M1,C(age)[T.40-49],1.155,0.934,1.428,0.1844,6705,533,"reported ~ haredi + C(crime_type, Treatment('violence_threat')) + female + C(age) + C(period)"
M1,C(age)[T.50-59],1.003,0.79,1.273,0.9793,6705,533,"reported ~ haredi + C(crime_type, Treatment('violence_threat')) + female + C(age) + C(period)"
M1,C(age)[T.60+],1.113,0.891,1.391,0.345,6705,533,"reported ~ haredi + C(crime_type, Treatment('violence_threat')) + female + C(age) + C(period)"
M1,C(period)[T.2020-2022],0.798,0.671,0.948,0.0105,6705,533,"reported ~ haredi + C(crime_type, Treatment('violence_threat')) + female + C(age) + C(period)"
M1,C(period)[T.2023-2025],0.797,0.673,0.945,0.0092,6705,533,"reported ~ haredi + C(crime_type, Treatment('violence_threat')) + female + C(age) + C(period)"
M1,haredi,0.766,0.598,0.981,0.0348,6705,533,"reported ~ haredi + C(crime_type, Treatment('violence_threat')) + female + C(age) + C(period)"
M1,female,1.172,1.018,1.35,0.0276,6705,533,"reported ~ haredi + C(crime_type, Treatment('violence_threat')) + female + C(age) + C(period)"
M1x,Intercept,0.504,0.409,0.621,0.0,3980,367,"reported ~ haredi + C(crime_type, Treatment('violence_threat')) + female + C(age) + C(period)"
M1x,"C(crime_type, Treatment('violence_threat'))[T.sexual_harassment]",0.071,0.051,0.098,0.0,3980,367,"reported ~ haredi + C(crime_type, Treatment('violence_threat')) + female + C(age) + C(period)"
M1x,"C(crime_type, Treatment('violence_threat'))[T.theft]",0.997,0.85,1.17,0.9718,3980,367,"reported ~ haredi + C(crime_type, Treatment('violence_threat')) + female + C(age) + C(period)"
M1x,C(age)[T.30-39],0.997,0.799,1.245,0.9822,3980,367,"reported ~ haredi + C(crime_type, Treatment('violence_threat')) + female + C(age) + C(period)"
M1x,C(age)[T.40-49],1.213,0.958,1.537,0.109,3980,367,"reported ~ haredi + C(crime_type, Treatment('violence_threat')) + female + C(age) + C(period)"
M1x,C(age)[T.50-59],1.108,0.848,1.448,0.4525,3980,367,"reported ~ haredi + C(crime_type, Treatment('violence_threat')) + female + C(age) + C(period)"
M1x,C(age)[T.60+],1.336,1.04,1.716,0.0232,3980,367,"reported ~ haredi + C(crime_type, Treatment('violence_threat')) + female + C(age) + C(period)"
M1x,C(period)[T.2020-2022],0.899,0.742,1.09,0.2806,3980,367,"reported ~ haredi + C(crime_type, Treatment('violence_threat')) + female + C(age) + C(period)"
M1x,C(period)[T.2023-2025],0.854,0.706,1.034,0.1051,3980,367,"reported ~ haredi + C(crime_type, Treatment('violence_threat')) + female + C(age) + C(period)"
M1x,haredi,0.799,0.613,1.043,0.0989,3980,367,"reported ~ haredi + C(crime_type, Treatment('violence_threat')) + female + C(age) + C(period)"
M1x,female,1.215,1.036,1.424,0.0165,3980,367,"reported ~ haredi + C(crime_type, Treatment('violence_threat')) + female + C(age) + C(period)"
M2,Intercept,0.564,0.465,0.683,0.0,6705,533,"reported ~ haredi * C(period) + C(crime_type, Treatment('violence_threat')) + female + C(age)"
M2,C(period)[T.2020-2022],0.82,0.684,0.983,0.032,6705,533,"reported ~ haredi * C(period) + C(crime_type, Treatment('violence_threat')) + female + C(age)"
M2,C(period)[T.2023-2025],0.86,0.72,1.026,0.0947,6705,533,"reported ~ haredi * C(period) + C(crime_type, Treatment('violence_threat')) + female + C(age)"
M2,"C(crime_type, Treatment('violence_threat'))[T.cyber]",0.153,0.128,0.183,0.0,6705,533,"reported ~ haredi * C(period) + C(crime_type, Treatment('violence_threat')) + female + C(age)"
M2,"C(crime_type, Treatment('violence_threat'))[T.sexual_harassment]",0.07,0.051,0.096,0.0,6705,533,"reported ~ haredi * C(period) + C(crime_type, Treatment('violence_threat')) + female + C(age)"
M2,"C(crime_type, Treatment('violence_threat'))[T.theft]",0.992,0.845,1.163,0.9169,6705,533,"reported ~ haredi * C(period) + C(crime_type, Treatment('violence_threat')) + female + C(age)"
M2,C(age)[T.30-39],0.932,0.76,1.142,0.4966,6705,533,"reported ~ haredi * C(period) + C(crime_type, Treatment('violence_threat')) + female + C(age)"
M2,C(age)[T.40-49],1.16,0.938,1.435,0.1714,6705,533,"reported ~ haredi * C(period) + C(crime_type, Treatment('violence_threat')) + female + C(age)"
M2,C(age)[T.50-59],1.006,0.792,1.277,0.9629,6705,533,"reported ~ haredi * C(period) + C(crime_type, Treatment('violence_threat')) + female + C(age)"
M2,C(age)[T.60+],1.111,0.889,1.389,0.355,6705,533,"reported ~ haredi * C(period) + C(crime_type, Treatment('violence_threat')) + female + C(age)"
M2,haredi,1.103,0.766,1.589,0.5982,6705,533,"reported ~ haredi * C(period) + C(crime_type, Treatment('violence_threat')) + female + C(age)"
M2,haredi:C(period)[T.2020-2022],0.722,0.397,1.311,0.2844,6705,533,"reported ~ haredi * C(period) + C(crime_type, Treatment('violence_threat')) + female + C(age)"
M2,haredi:C(period)[T.2023-2025],0.407,0.222,0.746,0.0036,6705,533,"reported ~ haredi * C(period) + C(crime_type, Treatment('violence_threat')) + female + C(age)"
M2,female,1.166,1.013,1.343,0.0327,6705,533,"reported ~ haredi * C(period) + C(crime_type, Treatment('violence_threat')) + female + C(age)"
M2,haredi_in_2015-2019,1.103,0.766,1.589,0.5982,6705,195,"reported ~ haredi * C(period) + C(crime_type, Treatment('violence_threat')) + female + C(age)"
M2,haredi_in_2020-2022,0.796,0.494,1.282,0.348,6705,131,"reported ~ haredi * C(period) + C(crime_type, Treatment('violence_threat')) + female + C(age)"
M2,haredi_in_2023-2025,0.449,0.276,0.73,0.0012,6705,207,"reported ~ haredi * C(period) + C(crime_type, Treatment('violence_threat')) + female + C(age)"
