period,group,crime_type,n_base,n_cases,n_eff_kish,pct,ci95_low,ci95_high,flag
2015,all_20plus,all_personal,689,148,645.6,21.1,18.2,24.4,
2015,all_20plus,all_personal_excl_cyber,488,125,456.1,25.4,21.6,29.6,
2015,all_20plus,cyber,201,23,189.6,10.6,7.0,15.8,
2015,all_20plus,sexual_harassment,115,5,106.7,4.2,1.7,9.9,
2015,all_20plus,theft,206,77,194.1,36.5,30.0,43.5,
2015,all_20plus,violence_threat,167,43,155.5,26.4,20.1,33.9,
2015,haredi,all_personal,41,13,38.5,33.7,20.8,49.5,warn_n_30_49
2015,haredi,all_personal_excl_cyber,33,10,30.8,31.7,18.1,49.4,warn_n_30_49
2015,haredi,cyber,8,3,7.7,,,,suppressed_n_lt_30
2015,haredi,sexual_harassment,7,0,6.6,,,,suppressed_n_lt_30
2015,haredi,theft,15,7,13.7,,,,suppressed_n_lt_30
2015,haredi,violence_threat,11,3,10.6,,,,suppressed_n_lt_30
2015,nonharedi_jew,all_personal,545,109,518.2,19.8,16.6,23.5,
2015,nonharedi_jew,all_personal_excl_cyber,376,89,357.9,23.9,19.7,28.5,
2015,nonharedi_jew,cyber,169,20,160.4,10.8,6.9,16.6,
2015,nonharedi_jew,sexual_harassment,96,4,90.7,4.2,1.6,10.5,
2015,nonharedi_jew,theft,151,53,145.9,34.8,27.6,42.8,
2015,nonharedi_jew,violence_threat,129,32,121.4,26.0,19.0,34.4,
2016,all_20plus,all_personal,615,143,589.9,23.1,19.9,26.6,
2016,all_20plus,all_personal_excl_cyber,439,127,420.8,28.7,24.6,33.2,
2016,all_20plus,cyber,176,16,169.2,8.8,5.4,14.0,
2016,all_20plus,sexual_harassment,102,5,98.2,5.2,2.3,11.5,
2016,all_20plus,theft,199,70,189.2,35.4,29.0,42.5,
2016,all_20plus,violence_threat,138,52,133.5,37.0,29.3,45.4,
2016,haredi,all_personal,35,9,34.3,24.6,13.3,41.1,warn_n_30_49
2016,haredi,all_personal_excl_cyber,30,9,29.4,28.8,15.6,46.8,warn_n_30_49
2016,haredi,cyber,5,0,4.9,,,,suppressed_n_lt_30
2016,haredi,sexual_harassment,4,1,3.9,,,,suppressed_n_lt_30
2016,haredi,theft,15,4,14.7,,,,suppressed_n_lt_30
2016,haredi,violence_threat,11,4,10.9,,,,suppressed_n_lt_30
2016,nonharedi_jew,all_personal,465,110,448.2,23.2,19.5,27.3,
2016,nonharedi_jew,all_personal_excl_cyber,329,97,316.9,28.9,24.2,34.1,
2016,nonharedi_jew,cyber,136,13,131.5,9.2,5.3,15.4,
2016,nonharedi_jew,sexual_harassment,82,3,79.1,3.4,1.1,10.1,
2016,nonharedi_jew,theft,140,51,134.2,35.8,28.2,44.2,
2016,nonharedi_jew,violence_threat,107,43,103.7,39.8,30.9,49.4,
2017,all_20plus,all_personal,594,160,569.7,27.3,23.8,31.1,
2017,all_20plus,all_personal_excl_cyber,420,136,403.4,32.9,28.5,37.6,
2017,all_20plus,cyber,174,24,166.3,14.1,9.6,20.2,
2017,all_20plus,sexual_harassment,97,3,91.9,3.2,1.1,9.0,
2017,all_20plus,theft,155,60,149.6,39.6,32.2,47.6,
2017,all_20plus,violence_threat,168,73,162.2,44.6,37.1,52.2,
2017,haredi,all_personal,33,8,32.5,24.2,12.7,41.1,warn_n_30_49
2017,haredi,all_personal_excl_cyber,26,7,25.5,,,,suppressed_n_lt_30
2017,haredi,cyber,7,1,7.0,,,,suppressed_n_lt_30
2017,haredi,sexual_harassment,1,0,1.0,,,,suppressed_n_lt_30
2017,haredi,theft,8,2,7.9,,,,suppressed_n_lt_30
2017,haredi,violence_threat,17,5,16.7,,,,suppressed_n_lt_30
2017,nonharedi_jew,all_personal,441,118,429.9,26.8,22.9,31.2,
2017,nonharedi_jew,all_personal_excl_cyber,306,101,298.5,33.0,27.9,38.5,
2017,nonharedi_jew,cyber,135,17,131.4,12.8,8.1,19.6,
2017,nonharedi_jew,sexual_harassment,74,1,71.8,1.1,0.2,7.0,
2017,nonharedi_jew,theft,105,42,102.9,41.1,32.1,50.8,
2017,nonharedi_jew,violence_threat,127,58,124.1,45.8,37.3,54.5,
2018,all_20plus,all_personal,653,173,631.7,26.4,23.1,30.0,
2018,all_20plus,all_personal_excl_cyber,473,153,457.9,32.2,28.1,36.6,
2018,all_20plus,cyber,180,20,173.9,10.8,7.0,16.2,
2018,all_20plus,sexual_harassment,136,8,132.4,5.4,2.7,10.6,
2018,all_20plus,theft,167,70,160.5,41.4,34.0,49.1,
2018,all_20plus,violence_threat,170,75,165.2,44.3,36.9,51.9,
2018,haredi,all_personal,30,10,29.4,34.0,19.6,52.0,warn_n_30_49
2018,haredi,all_personal_excl_cyber,24,10,23.5,,,,suppressed_n_lt_30
2018,haredi,cyber,6,0,6.0,,,,suppressed_n_lt_30
2018,haredi,sexual_harassment,1,0,1.0,,,,suppressed_n_lt_30
2018,haredi,theft,15,7,14.7,,,,suppressed_n_lt_30
2018,haredi,violence_threat,8,3,7.8,,,,suppressed_n_lt_30
2018,nonharedi_jew,all_personal,522,128,509.0,24.1,20.6,28.1,
2018,nonharedi_jew,all_personal_excl_cyber,371,112,361.9,29.6,25.1,34.5,
2018,nonharedi_jew,cyber,151,16,147.3,10.2,6.3,16.1,
2018,nonharedi_jew,sexual_harassment,119,6,116.1,4.6,2.0,10.0,
2018,nonharedi_jew,theft,117,49,114.2,40.9,32.3,50.0,
2018,nonharedi_jew,violence_threat,135,57,131.6,41.9,33.8,50.4,
2019,all_20plus,all_personal,662,166,638.2,24.8,21.6,28.3,
2019,all_20plus,all_personal_excl_cyber,461,139,444.9,29.8,25.7,34.2,
2019,all_20plus,cyber,201,27,193.3,13.2,9.1,18.7,
2019,all_20plus,sexual_harassment,124,4,120.9,2.9,1.1,7.7,
2019,all_20plus,theft,168,57,161.7,33.0,26.2,40.6,
2019,all_20plus,violence_threat,169,78,162.5,45.9,38.4,53.5,
2019,haredi,all_personal,56,19,55.1,33.3,22.3,46.5,
2019,haredi,all_personal_excl_cyber,44,17,43.3,37.7,24.8,52.5,warn_n_30_49
2019,haredi,cyber,12,2,11.8,,,,suppressed_n_lt_30
2019,haredi,sexual_harassment,7,0,6.9,,,,suppressed_n_lt_30
2019,haredi,theft,23,8,22.6,,,,suppressed_n_lt_30
2019,haredi,violence_threat,14,9,13.8,,,,suppressed_n_lt_30
2019,nonharedi_jew,all_personal,487,100,473.5,20.4,17.0,24.3,
2019,nonharedi_jew,all_personal_excl_cyber,331,85,321.4,25.4,21.0,30.4,
2019,nonharedi_jew,cyber,156,15,152.1,9.8,6.1,15.6,
2019,nonharedi_jew,sexual_harassment,97,4,94.9,3.8,1.4,9.7,
2019,nonharedi_jew,theft,111,33,107.4,29.5,21.7,38.7,
2019,nonharedi_jew,violence_threat,123,48,119.3,38.3,30.1,47.3,
2020,all_20plus,all_personal,550,119,529.8,22.4,19.1,26.1,
2020,all_20plus,all_personal_excl_cyber,357,102,343.0,29.8,25.2,34.8,
2020,all_20plus,cyber,193,17,186.8,8.7,5.4,13.6,
2020,all_20plus,sexual_harassment,105,1,100.4,1.6,0.4,6.4,
2020,all_20plus,theft,124,52,119.4,42.6,34.1,51.6,
2020,all_20plus,violence_threat,128,49,123.4,39.2,31.1,48.1,
2020,haredi,all_personal,26,8,25.6,,,,suppressed_n_lt_30
2020,haredi,all_personal_excl_cyber,24,8,23.7,,,,suppressed_n_lt_30
2020,haredi,cyber,2,0,1.9,,,,suppressed_n_lt_30
2020,haredi,sexual_harassment,2,0,2.0,,,,suppressed_n_lt_30
2020,haredi,theft,10,3,9.9,,,,suppressed_n_lt_30
2020,haredi,violence_threat,12,5,11.9,,,,suppressed_n_lt_30
2020,nonharedi_jew,all_personal,429,79,417.6,18.9,15.4,22.9,
2020,nonharedi_jew,all_personal_excl_cyber,262,65,254.8,25.5,20.6,31.2,
2020,nonharedi_jew,cyber,167,14,162.8,8.5,5.1,13.8,
2020,nonharedi_jew,sexual_harassment,83,0,80.4,0.0,0.0,4.6,
2020,nonharedi_jew,theft,87,34,84.7,39.2,29.5,49.9,
2020,nonharedi_jew,violence_threat,92,31,89.8,34.6,25.6,44.9,
2021,all_20plus,all_personal,780,132,748.1,17.5,14.9,20.4,
2021,all_20plus,all_personal_excl_cyber,438,113,417.7,26.3,22.3,30.7,
2021,all_20plus,cyber,342,19,330.8,5.9,3.8,8.9,
2021,all_20plus,sexual_harassment,152,7,147.9,5.1,2.6,9.9,
2021,all_20plus,theft,109,45,103.5,42.8,33.6,52.4,
2021,all_20plus,violence_threat,177,61,166.3,34.3,27.5,41.8,
2021,haredi,all_personal,53,7,52.2,12.6,6.1,24.2,
2021,haredi,all_personal_excl_cyber,31,7,30.5,21.6,10.6,38.9,warn_n_30_49
2021,haredi,cyber,22,0,21.7,,,,suppressed_n_lt_30
2021,haredi,sexual_harassment,6,0,5.8,,,,suppressed_n_lt_30
2021,haredi,theft,11,4,11.0,,,,suppressed_n_lt_30
2021,haredi,violence_threat,14,3,13.8,,,,suppressed_n_lt_30
2021,nonharedi_jew,all_personal,616,90,599.8,14.9,12.2,17.9,
2021,nonharedi_jew,all_personal_excl_cyber,330,74,320.8,22.6,18.3,27.4,
2021,nonharedi_jew,cyber,286,16,279.1,5.7,3.5,9.1,
2021,nonharedi_jew,sexual_harassment,130,5,126.8,4.2,1.9,9.3,
2021,nonharedi_jew,theft,78,31,75.7,41.3,30.9,52.6,
2021,nonharedi_jew,violence_threat,122,38,118.4,30.8,23.2,39.6,
2022,all_20plus,all_personal,810,142,790.1,17.3,14.8,20.1,
2022,all_20plus,all_personal_excl_cyber,421,116,409.8,27.1,23.0,31.6,
2022,all_20plus,cyber,389,26,380.2,6.8,4.7,9.8,
2022,all_20plus,sexual_harassment,133,5,129.6,3.8,1.6,8.7,
2022,all_20plus,theft,109,38,106.0,33.6,25.4,43.1,
2022,all_20plus,violence_threat,179,73,174.2,40.3,33.3,47.7,
2022,haredi,all_personal,54,9,52.6,16.0,8.5,28.2,
2022,haredi,all_personal_excl_cyber,30,9,29.5,28.7,15.6,46.7,warn_n_30_49
2022,haredi,cyber,24,0,23.1,,,,suppressed_n_lt_30
2022,haredi,sexual_harassment,4,0,4.0,,,,suppressed_n_lt_30
2022,haredi,theft,10,1,9.7,,,,suppressed_n_lt_30
2022,haredi,violence_threat,16,8,15.8,,,,suppressed_n_lt_30
2022,nonharedi_jew,all_personal,626,93,612.3,14.6,12.0,17.6,
2022,nonharedi_jew,all_personal_excl_cyber,307,74,299.7,23.5,19.0,28.6,
2022,nonharedi_jew,cyber,319,19,312.6,6.0,3.9,9.2,
2022,nonharedi_jew,sexual_harassment,111,3,108.4,2.7,0.9,7.7,
2022,nonharedi_jew,theft,72,27,70.4,36.1,25.9,47.8,
2022,nonharedi_jew,violence_threat,124,44,121.0,34.8,26.9,43.7,
2023,all_20plus,all_personal,987,165,958.3,16.8,14.6,19.3,
2023,all_20plus,all_personal_excl_cyber,527,129,510.9,24.8,21.2,28.7,
2023,all_20plus,cyber,460,36,447.5,7.6,5.5,10.4,
2023,all_20plus,sexual_harassment,152,8,147.9,5.5,2.8,10.5,
2023,all_20plus,theft,139,44,134.1,32.8,25.4,41.1,
2023,all_20plus,violence_threat,236,77,228.9,32.7,27.0,39.0,
2023,haredi,all_personal,79,10,76.3,14.5,8.3,24.1,
2023,haredi,all_personal_excl_cyber,49,9,46.8,20.7,11.6,34.3,warn_n_30_49
2023,haredi,cyber,30,1,29.6,3.9,0.8,17.6,warn_n_30_49
2023,haredi,sexual_harassment,8,0,7.7,,,,suppressed_n_lt_30
2023,haredi,theft,14,1,13.3,,,,suppressed_n_lt_30
2023,haredi,violence_threat,27,8,25.9,,,,suppressed_n_lt_30
2023,nonharedi_jew,all_personal,760,125,742.1,16.6,14.1,19.5,
2023,nonharedi_jew,all_personal_excl_cyber,390,96,380.3,24.9,20.9,29.5,
2023,nonharedi_jew,cyber,370,29,361.9,7.6,5.3,10.8,
2023,nonharedi_jew,sexual_harassment,124,7,121.1,5.8,2.8,11.4,
2023,nonharedi_jew,theft,97,35,94.3,38.2,29.0,48.3,
2023,nonharedi_jew,violence_threat,169,54,164.9,31.8,25.2,39.2,
2024,all_20plus,all_personal,829,140,805.2,16.4,14.0,19.1,
2024,all_20plus,all_personal_excl_cyber,411,110,397.7,26.1,22.0,30.6,
2024,all_20plus,cyber,418,30,407.7,6.7,4.6,9.5,
2024,all_20plus,sexual_harassment,112,4,108.4,3.5,1.3,8.9,
2024,all_20plus,theft,109,44,105.2,39.1,30.4,48.7,
2024,all_20plus,violence_threat,190,62,184.1,32.1,25.8,39.1,
2024,haredi,all_personal,69,6,68.0,8.8,4.1,18.0,
2024,haredi,all_personal_excl_cyber,44,5,43.5,11.3,4.9,24.0,warn_n_30_49
2024,haredi,cyber,25,1,24.7,,,,suppressed_n_lt_30
2024,haredi,sexual_harassment,7,0,7.0,,,,suppressed_n_lt_30
2024,haredi,theft,13,3,12.9,,,,suppressed_n_lt_30
2024,haredi,violence_threat,24,2,23.7,,,,suppressed_n_lt_30
2024,nonharedi_jew,all_personal,658,105,643.1,15.5,12.9,18.5,
2024,nonharedi_jew,all_personal_excl_cyber,309,85,301.1,26.6,21.9,31.9,
2024,nonharedi_jew,cyber,349,20,342.2,5.3,3.4,8.2,
2024,nonharedi_jew,sexual_harassment,96,4,93.4,4.0,1.5,10.1,
2024,nonharedi_jew,theft,77,36,74.7,46.3,35.5,57.5,
2024,nonharedi_jew,violence_threat,136,45,133.0,32.0,24.7,40.4,
2025,all_20plus,all_personal,858,161,823.4,18.2,15.7,20.9,
2025,all_20plus,all_personal_excl_cyber,446,121,426.0,26.2,22.2,30.5,
2025,all_20plus,cyber,412,40,397.4,9.6,7.1,12.9,
2025,all_20plus,sexual_harassment,125,10,119.5,7.4,3.9,13.6,
2025,all_20plus,theft,138,44,131.0,31.7,24.3,40.1,
2025,all_20plus,violence_threat,183,67,176.0,35.0,28.3,42.3,
2025,haredi,all_personal,60,6,58.7,9.7,4.4,19.9,
2025,haredi,all_personal_excl_cyber,34,6,33.3,17.8,8.4,33.9,warn_n_30_49
2025,haredi,cyber,26,0,25.5,,,,suppressed_n_lt_30
2025,haredi,sexual_harassment,5,1,5.0,,,,suppressed_n_lt_30
2025,haredi,theft,16,3,15.8,,,,suppressed_n_lt_30
2025,haredi,violence_threat,13,2,12.5,,,,suppressed_n_lt_30
2025,nonharedi_jew,all_personal,647,108,624.0,16.5,13.8,19.6,
2025,nonharedi_jew,all_personal_excl_cyber,319,79,306.5,24.2,19.8,29.3,
2025,nonharedi_jew,cyber,328,29,317.6,9.0,6.3,12.6,
2025,nonharedi_jew,sexual_harassment,99,6,95.1,6.0,2.8,12.8,
2025,nonharedi_jew,theft,93,26,88.4,27.5,19.3,37.6,
2025,nonharedi_jew,violence_threat,127,47,123.3,36.0,28.1,44.8,
