year,haredim_pct,all_20plus_pct,jews_pct,comparable,source,page,url,note
2014,37.5,47.2,,0,"CBS pub. 1648, table 37",132,https://www.cbs.gov.il/he/publications/DocLib/2016/seker_hevrati14_1648/t37.pdf,yes/no scale - not comparable
2015,52.3,52.6,56.6,1,"CBS pub. 1670, table 37",144,https://www.cbs.gov.il/he/publications/DocLib/2017/seker_hevrati15_1670/t37.pdf,
2016,,,,,,,,not asked
2017,,,,,,,,not asked
2018,,,,,,,,not asked
2019,,,,,,,,not asked
2020,,,,,,,,not asked
2021,45.9,51.2,54.7,1,"CBS pub. 1905, core table 20",97,https://www.cbs.gov.il/he/publications/DocLib/2024/1905/t20.pdf,
2022,32.0,47.6,50.0,1,"CBS pub. 1939, core table 20",120,https://www.cbs.gov.il/he/publications/DocLib/2024/1939/t20.pdf,
2023,51.6,51.9,56.8,1,"CBS pub. 1972, core table 20",125,https://www.cbs.gov.il/he/publications/DocLib/2025/seker_hevrati23_1972/t20.pdf,"fieldwork during 2023: ~65% of Jewish respondents (weighted) interviewed before 7.10, ~35% after (pub. 1972, table 30, p.140)"
2024,53.2,56.1,59.8,1,"CBS pub. 1985, core table 20",93,https://www.cbs.gov.il/he/publications/DocLib/2026/1985/t20.pdf,fieldwork calendar 2024 - entirely during the war
2025,47.6,55,58.2,1,CBS table generator; media release 202/2026,1,https://www.cbs.gov.il/he/mediarelease/DocLib/2026/202/19_26_202b.pdf,"release 202/2026: all 55%, Jews 59%, Haredim 48%; 47.6 (haredim) and 58.2 (jews) from table generator - unverified (generator currently down); release 'Jews' may be 'Jews and others'"
