year,population,crime_type,reported_pct,reported_reliability,not_reported_pct,not_reported_reliability,source,page,url,note
2019,all_20plus,cyber,13.2,low_rse_15_30,86.8,ok,"CBS pub. 1808, table 1.5",103,https://www.cbs.gov.il/he/publications/DocLib/2020/1808_victimization_survey_2019/h_print.pdf,most recent incident; % of victims who answered the reporting question
2019,all_20plus,sexual_offences,,suppressed_rse_gt30,,suppressed_rse_gt30,"CBS pub. 1808, table 1.5",103,https://www.cbs.gov.il/he/publications/DocLib/2020/1808_victimization_survey_2019/h_print.pdf,most recent incident; % of victims who answered the reporting question
2019,all_20plus,sexual_harassment,,suppressed_rse_gt30,,suppressed_rse_gt30,"CBS pub. 1808, table 1.5",103,https://www.cbs.gov.il/he/publications/DocLib/2020/1808_victimization_survey_2019/h_print.pdf,most recent incident; % of victims who answered the reporting question
2019,all_20plus,violence_threat,45.9,ok,54.1,ok,"CBS pub. 1808, table 1.5",103,https://www.cbs.gov.il/he/publications/DocLib/2020/1808_victimization_survey_2019/h_print.pdf,most recent incident; % of victims who answered the reporting question
2019,all_20plus,theft,33.0,ok,67.0,ok,"CBS pub. 1808, table 1.5",103,https://www.cbs.gov.il/he/publications/DocLib/2020/1808_victimization_survey_2019/h_print.pdf,most recent incident; % of victims who answered the reporting question
2020,all_20plus,cyber,8.7,low_rse_15_30,91.3,ok,"CBS pub. 1834, table 1.5",107,https://www.cbs.gov.il/he/publications/DocLib/2021/1834/h_print.pdf,most recent incident; % of victims who answered the reporting question
2020,all_20plus,sexual_harassment,,suppressed_rse_gt30,,suppressed_rse_gt30,"CBS pub. 1834, table 1.5",107,https://www.cbs.gov.il/he/publications/DocLib/2021/1834/h_print.pdf,most recent incident; % of victims who answered the reporting question
2020,all_20plus,violence_threat,39.2,ok,60.8,ok,"CBS pub. 1834, table 1.5",107,https://www.cbs.gov.il/he/publications/DocLib/2021/1834/h_print.pdf,most recent incident; % of victims who answered the reporting question
2020,all_20plus,theft,42.6,ok,57.4,ok,"CBS pub. 1834, table 1.5",107,https://www.cbs.gov.il/he/publications/DocLib/2021/1834/h_print.pdf,most recent incident; % of victims who answered the reporting question
2021,all_20plus,cyber,5.9,low_rse_15_30,94.1,ok,"CBS pub. 1867, table 1.5",107,https://www.cbs.gov.il/he/publications/DocLib/2022/1867/h_print.pdf,most recent incident; % of victims who answered the reporting question
2021,all_20plus,sexual_offences,,suppressed_rse_gt30,87.1,ok,"CBS pub. 1867, table 1.5",107,https://www.cbs.gov.il/he/publications/DocLib/2022/1867/h_print.pdf,most recent incident; % of victims who answered the reporting question
2021,all_20plus,sexual_harassment,,suppressed_rse_gt30,94.9,ok,"CBS pub. 1867, table 1.5",107,https://www.cbs.gov.il/he/publications/DocLib/2022/1867/h_print.pdf,most recent incident; % of victims who answered the reporting question
2021,all_20plus,violence_threat,34.3,ok,65.7,ok,"CBS pub. 1867, table 1.5",107,https://www.cbs.gov.il/he/publications/DocLib/2022/1867/h_print.pdf,most recent incident; % of victims who answered the reporting question
2021,all_20plus,theft,42.8,ok,57.2,ok,"CBS pub. 1867, table 1.5",107,https://www.cbs.gov.il/he/publications/DocLib/2022/1867/h_print.pdf,most recent incident; % of victims who answered the reporting question
2022,all_20plus,cyber,6.8,low_rse_15_30,93.2,ok,"CBS pub. 1907, table 1.5",121,https://www.cbs.gov.il/he/publications/doclib/2023/victim22_1907/t01_05.pdf,most recent incident; % of victims who answered the reporting question
2022,all_20plus,sexual_offences,,suppressed_rse_gt30,90.7,ok,"CBS pub. 1907, table 1.5",121,https://www.cbs.gov.il/he/publications/doclib/2023/victim22_1907/t01_05.pdf,most recent incident; % of victims who answered the reporting question
2022,all_20plus,sexual_harassment,,suppressed_rse_gt30,95.5,ok,"CBS pub. 1907, table 1.5",121,https://www.cbs.gov.il/he/publications/doclib/2023/victim22_1907/t01_05.pdf,most recent incident; % of victims who answered the reporting question
2022,all_20plus,violence_threat,40.3,ok,59.7,ok,"CBS pub. 1907, table 1.5",121,https://www.cbs.gov.il/he/publications/doclib/2023/victim22_1907/t01_05.pdf,most recent incident; % of victims who answered the reporting question
2022,all_20plus,theft,34.0,ok,66.0,ok,"CBS pub. 1907, table 1.5",121,https://www.cbs.gov.il/he/publications/doclib/2023/victim22_1907/t01_05.pdf,most recent incident; % of victims who answered the reporting question
