year,religiosity,crime_type,population_20plus_thousands,victims_thousands,victims_pct,reliability,reliability_thousands,source,page,url,note
2019,haredi,cyber,439.6,13.2,3.5,low_rse_15_30,low_rse_15_30,"CBS pub. 1808, table 1.2",100,https://www.cbs.gov.il/he/publications/DocLib/2020/1808_victimization_survey_2019/h_print.pdf,"CBS source inconsistency: 2019 cyber-crime % does not equal thousands/population for haredi, dati, masorti_lo_dati (e.g. 13.2/439.6=3.0% vs printed 3.5%); verified against rendered page; cite with caution"
2019,haredi,sexual_offences,439.6,,,suppressed_rse_gt30,suppressed_rse_gt30,"CBS pub. 1808, table 1.2",100,https://www.cbs.gov.il/he/publications/DocLib/2020/1808_victimization_survey_2019/h_print.pdf,
2019,haredi,sexual_harassment,439.6,,,suppressed_rse_gt30,suppressed_rse_gt30,"CBS pub. 1808, table 1.2",100,https://www.cbs.gov.il/he/publications/DocLib/2020/1808_victimization_survey_2019/h_print.pdf,
2019,haredi,violence_threat,439.6,14.1,3.2,low_rse_15_30,low_rse_15_30,"CBS pub. 1808, table 1.2",100,https://www.cbs.gov.il/he/publications/DocLib/2020/1808_victimization_survey_2019/h_print.pdf,
2019,haredi,theft,439.6,24.1,5.5,low_rse_15_30,low_rse_15_30,"CBS pub. 1808, table 1.2",100,https://www.cbs.gov.il/he/publications/DocLib/2020/1808_victimization_survey_2019/h_print.pdf,
2019,haredi,total,439.6,51.7,11.8,ok,ok,"CBS pub. 1808, table 1.2",100,https://www.cbs.gov.il/he/publications/DocLib/2020/1808_victimization_survey_2019/h_print.pdf,
2019,dati,cyber,497.8,14.1,3.5,low_rse_15_30,low_rse_15_30,"CBS pub. 1808, table 1.2",100,https://www.cbs.gov.il/he/publications/DocLib/2020/1808_victimization_survey_2019/h_print.pdf,"CBS source inconsistency: 2019 cyber-crime % does not equal thousands/population for haredi, dati, masorti_lo_dati (e.g. 13.2/439.6=3.0% vs printed 3.5%); verified against rendered page; cite with caution"
2019,dati,sexual_offences,497.8,,,suppressed_rse_gt30,suppressed_rse_gt30,"CBS pub. 1808, table 1.2",100,https://www.cbs.gov.il/he/publications/DocLib/2020/1808_victimization_survey_2019/h_print.pdf,
2019,dati,sexual_harassment,497.8,,,suppressed_rse_gt30,suppressed_rse_gt30,"CBS pub. 1808, table 1.2",100,https://www.cbs.gov.il/he/publications/DocLib/2020/1808_victimization_survey_2019/h_print.pdf,
2019,dati,violence_threat,497.8,20.5,4.1,low_rse_15_30,low_rse_15_30,"CBS pub. 1808, table 1.2",100,https://www.cbs.gov.il/he/publications/DocLib/2020/1808_victimization_survey_2019/h_print.pdf,
2019,dati,theft,497.8,24.9,5.0,low_rse_15_30,low_rse_15_30,"CBS pub. 1808, table 1.2",100,https://www.cbs.gov.il/he/publications/DocLib/2020/1808_victimization_survey_2019/h_print.pdf,
2019,dati,total,497.8,55.8,11.2,ok,ok,"CBS pub. 1808, table 1.2",100,https://www.cbs.gov.il/he/publications/DocLib/2020/1808_victimization_survey_2019/h_print.pdf,
2019,masorti_dati,cyber,660.3,,,suppressed_rse_gt30,suppressed_rse_gt30,"CBS pub. 1808, table 1.2",100,https://www.cbs.gov.il/he/publications/DocLib/2020/1808_victimization_survey_2019/h_print.pdf,"CBS source inconsistency: 2019 cyber-crime % does not equal thousands/population for haredi, dati, masorti_lo_dati (e.g. 13.2/439.6=3.0% vs printed 3.5%); verified against rendered page; cite with caution"
2019,masorti_dati,sexual_offences,660.3,,,suppressed_rse_gt30,suppressed_rse_gt30,"CBS pub. 1808, table 1.2",100,https://www.cbs.gov.il/he/publications/DocLib/2020/1808_victimization_survey_2019/h_print.pdf,
2019,masorti_dati,sexual_harassment,660.3,16.5,2.5,low_rse_15_30,low_rse_15_30,"CBS pub. 1808, table 1.2",100,https://www.cbs.gov.il/he/publications/DocLib/2020/1808_victimization_survey_2019/h_print.pdf,
2019,masorti_dati,violence_threat,660.3,19.1,2.9,low_rse_15_30,low_rse_15_30,"CBS pub. 1808, table 1.2",100,https://www.cbs.gov.il/he/publications/DocLib/2020/1808_victimization_survey_2019/h_print.pdf,
2019,masorti_dati,theft,660.3,13.1,2.0,low_rse_15_30,low_rse_15_30,"CBS pub. 1808, table 1.2",100,https://www.cbs.gov.il/he/publications/DocLib/2020/1808_victimization_survey_2019/h_print.pdf,
2019,masorti_dati,total,660.3,55.2,8.4,ok,ok,"CBS pub. 1808, table 1.2",100,https://www.cbs.gov.il/he/publications/DocLib/2020/1808_victimization_survey_2019/h_print.pdf,
2019,masorti_lo_dati,cyber,614.5,27.1,3.6,low_rse_15_30,low_rse_15_30,"CBS pub. 1808, table 1.2",100,https://www.cbs.gov.il/he/publications/DocLib/2020/1808_victimization_survey_2019/h_print.pdf,"CBS source inconsistency: 2019 cyber-crime % does not equal thousands/population for haredi, dati, masorti_lo_dati (e.g. 13.2/439.6=3.0% vs printed 3.5%); verified against rendered page; cite with caution"
2019,masorti_lo_dati,sexual_offences,614.5,,,suppressed_rse_gt30,suppressed_rse_gt30,"CBS pub. 1808, table 1.2",100,https://www.cbs.gov.il/he/publications/DocLib/2020/1808_victimization_survey_2019/h_print.pdf,
2019,masorti_lo_dati,sexual_harassment,614.5,14.1,2.3,low_rse_15_30,low_rse_15_30,"CBS pub. 1808, table 1.2",100,https://www.cbs.gov.il/he/publications/DocLib/2020/1808_victimization_survey_2019/h_print.pdf,
2019,masorti_lo_dati,violence_threat,614.5,21.9,3.6,low_rse_15_30,low_rse_15_30,"CBS pub. 1808, table 1.2",100,https://www.cbs.gov.il/he/publications/DocLib/2020/1808_victimization_survey_2019/h_print.pdf,
2019,masorti_lo_dati,theft,614.5,29.2,4.8,low_rse_15_30,low_rse_15_30,"CBS pub. 1808, table 1.2",100,https://www.cbs.gov.il/he/publications/DocLib/2020/1808_victimization_survey_2019/h_print.pdf,
2019,masorti_lo_dati,total,614.5,78.5,12.8,ok,ok,"CBS pub. 1808, table 1.2",100,https://www.cbs.gov.il/he/publications/DocLib/2020/1808_victimization_survey_2019/h_print.pdf,
2019,hiloni,cyber,2092.8,125.1,6.0,ok,ok,"CBS pub. 1808, table 1.2",100,https://www.cbs.gov.il/he/publications/DocLib/2020/1808_victimization_survey_2019/h_print.pdf,"CBS source inconsistency: 2019 cyber-crime % does not equal thousands/population for haredi, dati, masorti_lo_dati (e.g. 13.2/439.6=3.0% vs printed 3.5%); verified against rendered page; cite with caution"
2019,hiloni,sexual_offences,2092.8,,,suppressed_rse_gt30,suppressed_rse_gt30,"CBS pub. 1808, table 1.2",100,https://www.cbs.gov.il/he/publications/DocLib/2020/1808_victimization_survey_2019/h_print.pdf,
2019,hiloni,sexual_harassment,2092.8,70.0,3.3,ok,ok,"CBS pub. 1808, table 1.2",100,https://www.cbs.gov.il/he/publications/DocLib/2020/1808_victimization_survey_2019/h_print.pdf,
2019,hiloni,violence_threat,2092.8,80.5,3.8,ok,ok,"CBS pub. 1808, table 1.2",100,https://www.cbs.gov.il/he/publications/DocLib/2020/1808_victimization_survey_2019/h_print.pdf,
2019,hiloni,theft,2092.8,61.5,2.9,ok,ok,"CBS pub. 1808, table 1.2",100,https://www.cbs.gov.il/he/publications/DocLib/2020/1808_victimization_survey_2019/h_print.pdf,
2019,hiloni,total,2092.8,297.1,14.2,ok,ok,"CBS pub. 1808, table 1.2",100,https://www.cbs.gov.il/he/publications/DocLib/2020/1808_victimization_survey_2019/h_print.pdf,
2020,haredi,cyber,442.9,,,suppressed_rse_gt30,suppressed_rse_gt30,"CBS pub. 1834, table 1.2",103,https://www.cbs.gov.il/he/publications/DocLib/2021/1834/h_print.pdf,
2020,haredi,sexual_harassment,442.9,,,suppressed_rse_gt30,suppressed_rse_gt30,"CBS pub. 1834, table 1.2",103,https://www.cbs.gov.il/he/publications/DocLib/2021/1834/h_print.pdf,
2020,haredi,violence_threat,442.9,,,suppressed_rse_gt30,suppressed_rse_gt30,"CBS pub. 1834, table 1.2",103,https://www.cbs.gov.il/he/publications/DocLib/2021/1834/h_print.pdf,
2020,haredi,theft,442.9,,,suppressed_rse_gt30,suppressed_rse_gt30,"CBS pub. 1834, table 1.2",103,https://www.cbs.gov.il/he/publications/DocLib/2021/1834/h_print.pdf,
2020,haredi,total,442.9,23.7,5.4,low_rse_15_30,low_rse_15_30,"CBS pub. 1834, table 1.2",103,https://www.cbs.gov.il/he/publications/DocLib/2021/1834/h_print.pdf,
2020,dati,cyber,547.4,,,suppressed_rse_gt30,suppressed_rse_gt30,"CBS pub. 1834, table 1.2",103,https://www.cbs.gov.il/he/publications/DocLib/2021/1834/h_print.pdf,
2020,dati,sexual_harassment,547.4,,,suppressed_rse_gt30,suppressed_rse_gt30,"CBS pub. 1834, table 1.2",103,https://www.cbs.gov.il/he/publications/DocLib/2021/1834/h_print.pdf,
2020,dati,violence_threat,547.4,13.0,2.4,low_rse_15_30,low_rse_15_30,"CBS pub. 1834, table 1.2",103,https://www.cbs.gov.il/he/publications/DocLib/2021/1834/h_print.pdf,
2020,dati,theft,547.4,,,suppressed_rse_gt30,suppressed_rse_gt30,"CBS pub. 1834, table 1.2",103,https://www.cbs.gov.il/he/publications/DocLib/2021/1834/h_print.pdf,
2020,dati,total,547.4,42.2,7.7,low_rse_15_30,low_rse_15_30,"CBS pub. 1834, table 1.2",103,https://www.cbs.gov.il/he/publications/DocLib/2021/1834/h_print.pdf,
2020,masorti_dati,cyber,821.9,16.9,2.1,low_rse_15_30,low_rse_15_30,"CBS pub. 1834, table 1.2",103,https://www.cbs.gov.il/he/publications/DocLib/2021/1834/h_print.pdf,
2020,masorti_dati,sexual_harassment,821.9,,,suppressed_rse_gt30,suppressed_rse_gt30,"CBS pub. 1834, table 1.2",103,https://www.cbs.gov.il/he/publications/DocLib/2021/1834/h_print.pdf,
2020,masorti_dati,violence_threat,821.9,,,suppressed_rse_gt30,suppressed_rse_gt30,"CBS pub. 1834, table 1.2",103,https://www.cbs.gov.il/he/publications/DocLib/2021/1834/h_print.pdf,
2020,masorti_dati,theft,821.9,13.5,1.6,low_rse_15_30,low_rse_15_30,"CBS pub. 1834, table 1.2",103,https://www.cbs.gov.il/he/publications/DocLib/2021/1834/h_print.pdf,
2020,masorti_dati,total,821.9,49.4,6.0,low_rse_15_30,low_rse_15_30,"CBS pub. 1834, table 1.2",103,https://www.cbs.gov.il/he/publications/DocLib/2021/1834/h_print.pdf,
2020,masorti_lo_dati,cyber,614.7,28.3,4.6,low_rse_15_30,low_rse_15_30,"CBS pub. 1834, table 1.2",103,https://www.cbs.gov.il/he/publications/DocLib/2021/1834/h_print.pdf,
2020,masorti_lo_dati,sexual_harassment,614.7,15.4,2.5,low_rse_15_30,low_rse_15_30,"CBS pub. 1834, table 1.2",103,https://www.cbs.gov.il/he/publications/DocLib/2021/1834/h_print.pdf,
2020,masorti_lo_dati,violence_threat,614.7,23.1,3.8,low_rse_15_30,low_rse_15_30,"CBS pub. 1834, table 1.2",103,https://www.cbs.gov.il/he/publications/DocLib/2021/1834/h_print.pdf,
2020,masorti_lo_dati,theft,614.7,17.7,2.9,low_rse_15_30,low_rse_15_30,"CBS pub. 1834, table 1.2",103,https://www.cbs.gov.il/he/publications/DocLib/2021/1834/h_print.pdf,
2020,masorti_lo_dati,total,614.7,74.3,12.1,ok,ok,"CBS pub. 1834, table 1.2",103,https://www.cbs.gov.il/he/publications/DocLib/2021/1834/h_print.pdf,
2020,hiloni,cyber,1996.6,121.8,6.1,ok,ok,"CBS pub. 1834, table 1.2",103,https://www.cbs.gov.il/he/publications/DocLib/2021/1834/h_print.pdf,
2020,hiloni,sexual_harassment,1996.6,59.2,3.0,ok,ok,"CBS pub. 1834, table 1.2",103,https://www.cbs.gov.il/he/publications/DocLib/2021/1834/h_print.pdf,
2020,hiloni,violence_threat,1996.6,55.5,2.8,ok,ok,"CBS pub. 1834, table 1.2",103,https://www.cbs.gov.il/he/publications/DocLib/2021/1834/h_print.pdf,
2020,hiloni,theft,1996.6,52.6,2.6,ok,low_rse_15_30,"CBS pub. 1834, table 1.2",103,https://www.cbs.gov.il/he/publications/DocLib/2021/1834/h_print.pdf,
2020,hiloni,total,1996.6,253.9,12.7,ok,ok,"CBS pub. 1834, table 1.2",103,https://www.cbs.gov.il/he/publications/DocLib/2021/1834/h_print.pdf,
2021,haredi,cyber,453.1,24.8,5.5,low_rse_15_30,low_rse_15_30,"CBS pub. 1867, table 1.2",103,https://www.cbs.gov.il/he/publications/DocLib/2022/1867/h_print.pdf,
2021,haredi,sexual_offences,453.1,,,suppressed_rse_gt30,suppressed_rse_gt30,"CBS pub. 1867, table 1.2",103,https://www.cbs.gov.il/he/publications/DocLib/2022/1867/h_print.pdf,
2021,haredi,sexual_harassment,453.1,,,suppressed_rse_gt30,suppressed_rse_gt30,"CBS pub. 1867, table 1.2",103,https://www.cbs.gov.il/he/publications/DocLib/2022/1867/h_print.pdf,
2021,haredi,violence_threat,453.1,15.4,3.4,low_rse_15_30,low_rse_15_30,"CBS pub. 1867, table 1.2",103,https://www.cbs.gov.il/he/publications/DocLib/2022/1867/h_print.pdf,
2021,haredi,theft,453.1,13.0,2.9,low_rse_15_30,low_rse_15_30,"CBS pub. 1867, table 1.2",103,https://www.cbs.gov.il/he/publications/DocLib/2022/1867/h_print.pdf,
2021,haredi,total,453.1,50.8,11.2,ok,ok,"CBS pub. 1867, table 1.2",103,https://www.cbs.gov.il/he/publications/DocLib/2022/1867/h_print.pdf,
2021,dati,cyber,488.6,35.6,7.3,low_rse_15_30,low_rse_15_30,"CBS pub. 1867, table 1.2",103,https://www.cbs.gov.il/he/publications/DocLib/2022/1867/h_print.pdf,
2021,dati,sexual_offences,488.6,,,suppressed_rse_gt30,suppressed_rse_gt30,"CBS pub. 1867, table 1.2",103,https://www.cbs.gov.il/he/publications/DocLib/2022/1867/h_print.pdf,
2021,dati,sexual_harassment,488.6,,,suppressed_rse_gt30,suppressed_rse_gt30,"CBS pub. 1867, table 1.2",103,https://www.cbs.gov.il/he/publications/DocLib/2022/1867/h_print.pdf,
2021,dati,violence_threat,488.6,20.6,4.2,low_rse_15_30,low_rse_15_30,"CBS pub. 1867, table 1.2",103,https://www.cbs.gov.il/he/publications/DocLib/2022/1867/h_print.pdf,
2021,dati,theft,488.6,,,suppressed_rse_gt30,suppressed_rse_gt30,"CBS pub. 1867, table 1.2",103,https://www.cbs.gov.il/he/publications/DocLib/2022/1867/h_print.pdf,
2021,dati,total,488.6,65.5,13.4,ok,ok,"CBS pub. 1867, table 1.2",103,https://www.cbs.gov.il/he/publications/DocLib/2022/1867/h_print.pdf,
2021,masorti_dati,cyber,575.0,34.9,6.1,low_rse_15_30,low_rse_15_30,"CBS pub. 1867, table 1.2",103,https://www.cbs.gov.il/he/publications/DocLib/2022/1867/h_print.pdf,
2021,masorti_dati,sexual_offences,575.0,,,suppressed_rse_gt30,suppressed_rse_gt30,"CBS pub. 1867, table 1.2",103,https://www.cbs.gov.il/he/publications/DocLib/2022/1867/h_print.pdf,
2021,masorti_dati,sexual_harassment,575.0,17.9,3.1,low_rse_15_30,low_rse_15_30,"CBS pub. 1867, table 1.2",103,https://www.cbs.gov.il/he/publications/DocLib/2022/1867/h_print.pdf,
2021,masorti_dati,violence_threat,575.0,14.8,2.6,low_rse_15_30,low_rse_15_30,"CBS pub. 1867, table 1.2",103,https://www.cbs.gov.il/he/publications/DocLib/2022/1867/h_print.pdf,
2021,masorti_dati,theft,575.0,,,suppressed_rse_gt30,suppressed_rse_gt30,"CBS pub. 1867, table 1.2",103,https://www.cbs.gov.il/he/publications/DocLib/2022/1867/h_print.pdf,
2021,masorti_dati,total,575.0,69.2,12.0,ok,ok,"CBS pub. 1867, table 1.2",103,https://www.cbs.gov.il/he/publications/DocLib/2022/1867/h_print.pdf,
2021,masorti_lo_dati,cyber,807.2,63.1,7.8,ok,ok,"CBS pub. 1867, table 1.2",103,https://www.cbs.gov.il/he/publications/DocLib/2022/1867/h_print.pdf,
2021,masorti_lo_dati,sexual_offences,807.2,,,suppressed_rse_gt30,suppressed_rse_gt30,"CBS pub. 1867, table 1.2",103,https://www.cbs.gov.il/he/publications/DocLib/2022/1867/h_print.pdf,
2021,masorti_lo_dati,sexual_harassment,807.2,32.7,4.1,low_rse_15_30,low_rse_15_30,"CBS pub. 1867, table 1.2",103,https://www.cbs.gov.il/he/publications/DocLib/2022/1867/h_print.pdf,
2021,masorti_lo_dati,violence_threat,807.2,23.9,3.0,low_rse_15_30,low_rse_15_30,"CBS pub. 1867, table 1.2",103,https://www.cbs.gov.il/he/publications/DocLib/2022/1867/h_print.pdf,
2021,masorti_lo_dati,theft,807.2,17.9,2.2,low_rse_15_30,low_rse_15_30,"CBS pub. 1867, table 1.2",103,https://www.cbs.gov.il/he/publications/DocLib/2022/1867/h_print.pdf,
2021,masorti_lo_dati,total,807.2,122.4,15.2,ok,ok,"CBS pub. 1867, table 1.2",103,https://www.cbs.gov.il/he/publications/DocLib/2022/1867/h_print.pdf,
2021,hiloni,cyber,2141.8,182.3,8.5,ok,ok,"CBS pub. 1867, table 1.2",103,https://www.cbs.gov.il/he/publications/DocLib/2022/1867/h_print.pdf,
2021,hiloni,sexual_offences,2141.8,12.8,0.6,low_rse_15_30,low_rse_15_30,"CBS pub. 1867, table 1.2",103,https://www.cbs.gov.il/he/publications/DocLib/2022/1867/h_print.pdf,
2021,hiloni,sexual_harassment,2141.8,86.8,4.0,ok,ok,"CBS pub. 1867, table 1.2",103,https://www.cbs.gov.il/he/publications/DocLib/2022/1867/h_print.pdf,
2021,hiloni,violence_threat,2141.8,75.3,3.5,ok,ok,"CBS pub. 1867, table 1.2",103,https://www.cbs.gov.il/he/publications/DocLib/2022/1867/h_print.pdf,
2021,hiloni,theft,2141.8,52.0,2.4,ok,ok,"CBS pub. 1867, table 1.2",103,https://www.cbs.gov.il/he/publications/DocLib/2022/1867/h_print.pdf,
2021,hiloni,total,2141.8,334.3,15.6,ok,ok,"CBS pub. 1867, table 1.2",103,https://www.cbs.gov.il/he/publications/DocLib/2022/1867/h_print.pdf,
2022,haredi,cyber,491.1,28.6,5.8,low_rse_15_30,low_rse_15_30,"CBS pub. 1907, table 1.2",117,https://www.cbs.gov.il/he/publications/doclib/2023/victim22_1907/t01_02.pdf,
2022,haredi,sexual_offences,491.1,,,suppressed_rse_gt30,suppressed_rse_gt30,"CBS pub. 1907, table 1.2",117,https://www.cbs.gov.il/he/publications/doclib/2023/victim22_1907/t01_02.pdf,
2022,haredi,sexual_harassment,491.1,,,suppressed_rse_gt30,suppressed_rse_gt30,"CBS pub. 1907, table 1.2",117,https://www.cbs.gov.il/he/publications/doclib/2023/victim22_1907/t01_02.pdf,
2022,haredi,violence_threat,491.1,19.4,4.0,low_rse_15_30,low_rse_15_30,"CBS pub. 1907, table 1.2",117,https://www.cbs.gov.il/he/publications/doclib/2023/victim22_1907/t01_02.pdf,
2022,haredi,theft,491.1,,,suppressed_rse_gt30,suppressed_rse_gt30,"CBS pub. 1907, table 1.2",117,https://www.cbs.gov.il/he/publications/doclib/2023/victim22_1907/t01_02.pdf,
2022,haredi,total,491.1,56.8,11.6,ok,ok,"CBS pub. 1907, table 1.2",117,https://www.cbs.gov.il/he/publications/doclib/2023/victim22_1907/t01_02.pdf,
2022,dati,cyber,524.7,48.5,9.2,low_rse_15_30,low_rse_15_30,"CBS pub. 1907, table 1.2",117,https://www.cbs.gov.il/he/publications/doclib/2023/victim22_1907/t01_02.pdf,
2022,dati,sexual_offences,524.7,,,suppressed_rse_gt30,suppressed_rse_gt30,"CBS pub. 1907, table 1.2",117,https://www.cbs.gov.il/he/publications/doclib/2023/victim22_1907/t01_02.pdf,
2022,dati,sexual_harassment,524.7,,,suppressed_rse_gt30,suppressed_rse_gt30,"CBS pub. 1907, table 1.2",117,https://www.cbs.gov.il/he/publications/doclib/2023/victim22_1907/t01_02.pdf,
2022,dati,violence_threat,524.7,25.3,4.8,low_rse_15_30,low_rse_15_30,"CBS pub. 1907, table 1.2",117,https://www.cbs.gov.il/he/publications/doclib/2023/victim22_1907/t01_02.pdf,
2022,dati,theft,524.7,,,suppressed_rse_gt30,suppressed_rse_gt30,"CBS pub. 1907, table 1.2",117,https://www.cbs.gov.il/he/publications/doclib/2023/victim22_1907/t01_02.pdf,
2022,dati,total,524.7,77.3,14.7,ok,ok,"CBS pub. 1907, table 1.2",117,https://www.cbs.gov.il/he/publications/doclib/2023/victim22_1907/t01_02.pdf,
2022,masorti_dati,cyber,524.8,43.7,8.3,low_rse_15_30,low_rse_15_30,"CBS pub. 1907, table 1.2",117,https://www.cbs.gov.il/he/publications/doclib/2023/victim22_1907/t01_02.pdf,
2022,masorti_dati,sexual_offences,524.8,,,suppressed_rse_gt30,suppressed_rse_gt30,"CBS pub. 1907, table 1.2",117,https://www.cbs.gov.il/he/publications/doclib/2023/victim22_1907/t01_02.pdf,
2022,masorti_dati,sexual_harassment,524.8,19.0,3.6,low_rse_15_30,low_rse_15_30,"CBS pub. 1907, table 1.2",117,https://www.cbs.gov.il/he/publications/doclib/2023/victim22_1907/t01_02.pdf,
2022,masorti_dati,violence_threat,524.8,21.9,4.2,low_rse_15_30,low_rse_15_30,"CBS pub. 1907, table 1.2",117,https://www.cbs.gov.il/he/publications/doclib/2023/victim22_1907/t01_02.pdf,
2022,masorti_dati,theft,524.8,,,suppressed_rse_gt30,suppressed_rse_gt30,"CBS pub. 1907, table 1.2",117,https://www.cbs.gov.il/he/publications/doclib/2023/victim22_1907/t01_02.pdf,
2022,masorti_dati,total,524.8,82.0,15.6,ok,ok,"CBS pub. 1907, table 1.2",117,https://www.cbs.gov.il/he/publications/doclib/2023/victim22_1907/t01_02.pdf,
2022,masorti_lo_dati,cyber,826.7,70.2,8.5,ok,ok,"CBS pub. 1907, table 1.2",117,https://www.cbs.gov.il/he/publications/doclib/2023/victim22_1907/t01_02.pdf,
2022,masorti_lo_dati,sexual_offences,826.7,,,suppressed_rse_gt30,suppressed_rse_gt30,"CBS pub. 1907, table 1.2",117,https://www.cbs.gov.il/he/publications/doclib/2023/victim22_1907/t01_02.pdf,
2022,masorti_lo_dati,sexual_harassment,826.7,31.9,3.9,low_rse_15_30,low_rse_15_30,"CBS pub. 1907, table 1.2",117,https://www.cbs.gov.il/he/publications/doclib/2023/victim22_1907/t01_02.pdf,
2022,masorti_lo_dati,violence_threat,826.7,35.9,4.3,low_rse_15_30,low_rse_15_30,"CBS pub. 1907, table 1.2",117,https://www.cbs.gov.il/he/publications/doclib/2023/victim22_1907/t01_02.pdf,
2022,masorti_lo_dati,theft,826.7,21.1,2.6,low_rse_15_30,low_rse_15_30,"CBS pub. 1907, table 1.2",117,https://www.cbs.gov.il/he/publications/doclib/2023/victim22_1907/t01_02.pdf,
2022,masorti_lo_dati,total,826.7,135.2,16.4,ok,ok,"CBS pub. 1907, table 1.2",117,https://www.cbs.gov.il/he/publications/doclib/2023/victim22_1907/t01_02.pdf,
2022,hiloni,cyber,2055.8,231.9,11.3,ok,ok,"CBS pub. 1907, table 1.2",117,https://www.cbs.gov.il/he/publications/doclib/2023/victim22_1907/t01_02.pdf,
2022,hiloni,sexual_offences,2055.8,,,suppressed_rse_gt30,suppressed_rse_gt30,"CBS pub. 1907, table 1.2",117,https://www.cbs.gov.il/he/publications/doclib/2023/victim22_1907/t01_02.pdf,
2022,hiloni,sexual_harassment,2055.8,74.0,3.6,ok,ok,"CBS pub. 1907, table 1.2",117,https://www.cbs.gov.il/he/publications/doclib/2023/victim22_1907/t01_02.pdf,
2022,hiloni,violence_threat,2055.8,69.4,3.4,ok,ok,"CBS pub. 1907, table 1.2",117,https://www.cbs.gov.il/he/publications/doclib/2023/victim22_1907/t01_02.pdf,
2022,hiloni,theft,2055.8,54.3,2.6,ok,ok,"CBS pub. 1907, table 1.2",117,https://www.cbs.gov.il/he/publications/doclib/2023/victim22_1907/t01_02.pdf,
2022,hiloni,total,2055.8,398.7,19.4,ok,ok,"CBS pub. 1907, table 1.2",117,https://www.cbs.gov.il/he/publications/doclib/2023/victim22_1907/t01_02.pdf,
