year,haredim_pct,note,source
2014,30.0,consistent with IDI Policy Paper 196 chart 4 p.48 (rounded),"IDI Policy Paper 196, chart 4, p.48 (Democracy Index data)"
2015,33,"from Ben-Porat & Gado 2024 (IDI Policy Paper 196), chart 4 p.48 (Israeli Democracy Index data), rounded","IDI Policy Paper 196, chart 4, p.48"
2016,33.6,boosted haredi sample n=357; consistent with IDI Policy Paper 196 chart 4 p.48 (rounded),
2017,29,"from Ben-Porat & Gado 2024 (IDI Policy Paper 196), chart 4 p.48 (Israeli Democracy Index data), rounded","IDI Policy Paper 196, chart 4, p.48"
2018,38,"from Ben-Porat & Gado 2024 (IDI Policy Paper 196), chart 4 p.48 (Israeli Democracy Index data), rounded","IDI Policy Paper 196, chart 4, p.48"
2019,24,"from Ben-Porat & Gado 2024 (IDI Policy Paper 196), chart 4 p.48 (Israeli Democracy Index data), rounded","IDI Policy Paper 196, chart 4, p.48"
2020,17,consistent with IDI Policy Paper 196 chart 4 p.48 (rounded),"IDI Policy Paper 196, chart 4, p.48 (Democracy Index data)"
2021,24,consistent with IDI Policy Paper 196 chart 4 p.48 (rounded),"IDI Policy Paper 196, chart 4, p.48 (Democracy Index data)"
2022,11,,"IDI Israeli Democracy Index 2022 (English), table 5.11, p.84 - https://en.idi.org.il/media/19697/the-israeli-democracy-index-2022.pdf"
2023,21,,"IDI Israeli Democracy Index 2025 (Hebrew), table 2.10, p.64 - https://www.idi.org.il/media/30229/the-israeli-democracy-index-2025-hebrew.pdf"
2024,13,,"IDI Israeli Democracy Index 2025 (Hebrew), table 2.10, p.64 - https://www.idi.org.il/media/30229/the-israeli-democracy-index-2025-hebrew.pdf"
2025,35.5,,"IDI Israeli Democracy Index 2025 (Hebrew), table 2.10, p.64 - https://www.idi.org.il/media/30229/the-israeli-democracy-index-2025-hebrew.pdf"
